,GCF_000153205,GCA_024102725,SMAGOTU_00516
Recombination-associated protein RdgC,1,1,1
Homoserine O-succinyltransferase,1,1,1
Lipid A export ATP-binding/permease protein MsbA,1,1,1
hypothetical protein,1,1,1
hypothetical protein_2,1,1,1
Respiratory nitrate reductase 1 beta chain,1,1,1
UDP-N-acetyl-alpha-D-glucosamine C6 dehydratase,1,1,1
hypothetical protein_3,1,1,1
putative alcohol dehydrogenase AdhA,1,1,1
Transketolase 1,1,1,1
hypothetical protein_4,1,1,1
Phosphate regulon transcriptional regulatory protein PhoB,1,1,1
hypothetical protein_5,1,1,1
hypothetical protein_6,1,1,1
Molybdenum-pterin-binding protein 2,1,1,1
hypothetical protein_7,1,1,1
Adaptive-response sensory-kinase SasA,1,1,1
hypothetical protein_8,1,1,1
General stress protein 16U,1,1,1
hypothetical protein_9,1,1,1
Peptidoglycan-associated lipoprotein,1,1,1
Glutamate racemase,1,1,1
hypothetical protein_10,1,1,1
hypothetical protein_11,1,1,1
hypothetical protein_12,1,1,1
Putative phospholipase A1,1,1,1
hypothetical protein_13,1,1,1
hypothetical protein_14,1,1,1
"RNA 2',3'-cyclic phosphodiesterase",1,1,1
Elongation factor G-like protein,1,1,1
Proline iminopeptidase,1,1,1
"Fructose-1,6-bisphosphatase class 1",1,1,1
Protease 4,1,1,1
hypothetical protein_15,1,1,1
CAI-1 autoinducer sensor kinase/phosphatase CqsS,1,1,1
hypothetical protein_16,1,1,1
hypothetical protein_17,1,1,1
hypothetical protein_18,1,1,1
hypothetical protein_19,1,1,1
Inner membrane protein YbaN,1,1,1
Sensor histidine kinase GlrK,1,1,1
1-deoxy-D-xylulose-5-phosphate synthase,1,1,1
Chromosome partition protein Smc,1,1,1
4-hydroxy-3-methylbut-2-enyl diphosphate reductase,1,1,1
hypothetical protein_20,1,1,1
Squalene--hopene cyclase,1,1,1
hypothetical protein_21,1,1,1
hypothetical protein_22,1,1,1
N-acetylmuramate/N-acetylglucosamine kinase,1,1,1
Ribosomal RNA small subunit methyltransferase A,1,1,1
Chaperone SurA,1,1,1
LPS-assembly protein LptD,1,1,1
Acyl-CoA thioester hydrolase YbgC,1,1,1
Cell division coordinator CpoB,1,1,1
hypothetical protein_23,1,1,1
hypothetical protein_24,1,1,1
Glucans biosynthesis glucosyltransferase H,1,1,1
Glucans biosynthesis protein G,1,1,1
Intermembrane phospholipid transport system binding protein MlaC,1,1,1
hypothetical protein_25,1,1,1
hypothetical protein_26,1,1,1
2-octaprenylphenol hydroxylase,1,1,1
2-octaprenyl-6-methoxyphenol hydroxylase,1,1,1
Uroporphyrinogen-III synthase,1,1,1
5-formyltetrahydrofolate cyclo-ligase,1,1,1
Dephospho-CoA kinase,1,1,1
hypothetical protein_27,1,1,1
UDP-N-acetylmuramoyl-tripeptide--D-alanyl-D-alanine ligase,1,1,1
"UDP-N-acetylmuramoyl-L-alanyl-D-glutamate--2,6-diaminopimelate ligase",1,1,1
Ammonia monooxygenase gamma subunit,1,1,1
hypothetical protein_28,1,1,1
Lipopolysaccharide export system protein LptC,1,1,1
Lipopolysaccharide export system protein LptA,1,1,1
HPr kinase/phosphorylase,1,1,1
hypothetical protein_29,1,1,1
Ribosomal silencing factor RsfS,1,1,1
hypothetical protein_30,1,1,1
LPS-assembly lipoprotein LptE,1,1,1
hypothetical protein_31,1,1,1
Oxygen regulatory protein NreC,1,1,1
hypothetical protein_32,1,1,1
Undecaprenyl phosphate-alpha-4-amino-4-deoxy-L-arabinose arabinosyl transferase,1,1,1
hypothetical protein_33,1,1,1
hypothetical protein_34,1,1,1
hypothetical protein_35,1,1,1
Adaptive-response sensory-kinase SasA_36,1,1,1
hypothetical protein_37,1,1,1
hypothetical protein_38,1,1,1
"2-succinyl-6-hydroxy-2,4-cyclohexadiene-1-carboxylate synthase",1,1,1
Tail-specific protease,1,1,1
hypothetical protein_39,1,1,1
hypothetical protein_40,1,1,1
hypothetical protein_41,1,1,1
Murein hydrolase activator NlpD,1,1,1
2-C-methyl-D-erythritol 4-phosphate cytidylyltransferase,1,1,1
tRNA(Ile)-lysidine synthase,1,1,1
UDP-3-O-acylglucosamine N-acyltransferase,1,1,1
hypothetical protein_42,1,1,1
Dihydrofolate synthase/folylpolyglutamate synthase,1,1,1
N-(5'-phosphoribosyl)anthranilate isomerase,1,1,1
Cyclic-di-GMP receptor FimW,1,1,1
hypothetical protein_43,1,1,1
hypothetical protein_44,1,1,1
hypothetical protein_45,1,1,1
hypothetical protein_46,1,1,1
Outer membrane protein assembly factor BamB,1,1,1
hypothetical protein_47,1,1,1
Photosystem I assembly protein Ycf3,1,1,1
ATP synthase subunit delta,1,1,1
ATP synthase subunit b,1,1,1
"ATP synthase subunit c, sodium ion specific",1,1,1
hypothetical protein_48,1,1,1
Ribosomal RNA small subunit methyltransferase G,1,1,1
hypothetical protein_49,1,1,1
hypothetical protein_50,1,1,1
hypothetical protein_51,1,1,1
"1,2-phenylacetyl-CoA epoxidase, subunit E",1,1,1
Anhydro-N-acetylmuramic acid kinase,1,1,1
hypothetical protein_52,1,1,1
Protein YchQ,1,1,1
hypothetical protein_53,1,1,1
hypothetical protein_54,1,1,1
hypothetical protein_55,1,1,1
Putative fluoride ion transporter CrcB,1,1,1
hypothetical protein_56,1,1,1
Undecaprenyl-phosphate alpha-N-acetylglucosaminyl 1-phosphate transferase,1,1,1
Transcriptional regulatory protein TdiR,1,1,1
hypothetical protein_57,1,1,1
hypothetical protein_58,1,1,1
hypothetical protein_59,1,1,1
Ribosomal RNA small subunit methyltransferase J,1,1,1
hypothetical protein_60,1,1,1
hypothetical protein_61,1,1,1
hypothetical protein_62,1,1,1
hypothetical protein_63,1,1,1
hypothetical protein_64,1,1,1
hypothetical protein_65,1,1,1
hypothetical protein_66,1,1,1
hypothetical protein_67,1,1,1
hypothetical protein_68,1,1,1
hypothetical protein_69,1,1,1
Lipopolysaccharide export system permease protein LptG,1,1,1
hypothetical protein_70,1,1,1
hypothetical protein_71,1,1,1
Protein YghO,1,1,1
4-hydroxyphenylalkanoate adenylyltransferase,1,1,1
hypothetical protein_72,1,1,1
hypothetical protein_73,1,1,1
hypothetical protein_74,1,1,1
putative signaling protein,1,1,1
tRNA(Met) cytidine acetyltransferase TmcA,1,1,1
Phosphoenolpyruvate guanylyltransferase,1,1,1
hypothetical protein_75,1,1,1
hypothetical protein_76,1,1,1
DNA replication and repair protein RecF,1,1,1
hypothetical protein_77,1,1,1
putative protein YibN,1,1,1
Murein hydrolase activator EnvC,1,1,1
hypothetical protein_78,1,1,1
Sigma factor AlgU regulatory protein MucB,1,1,1
hypothetical protein_79,1,1,1
hypothetical protein_80,1,1,1
hypothetical protein_81,1,1,1
2-dehydropantoate 2-reductase,1,1,1
hypothetical protein_82,1,1,1
Tungstate uptake system ATP-binding protein TupC,1,1,1
hypothetical protein_83,1,1,1
hypothetical protein_84,1,1,1
hypothetical protein_85,1,1,1
hypothetical protein_86,1,1,1
hypothetical protein_87,1,1,1
hypothetical protein_88,1,1,1
Proline/betaine transporter,1,1,1
Intermembrane transport protein PqiA,1,1,1
hypothetical protein_89,1,1,1
Efflux pump periplasmic linker BepF,1,1,1
Putative serine protease HtrA,1,1,1
Outer membrane protein assembly factor BamC,1,1,1
Beta-barrel assembly-enhancing protease,1,1,1
Poly(3-hydroxyalkanoate) polymerase subunit PhaC,1,1,1
hypothetical protein_90,1,1,1
hypothetical protein_91,1,1,1
GTPase Der,1,1,1
hypothetical protein_92,1,1,1
Adenosylmethionine-8-amino-7-oxononanoate aminotransferase,1,1,1
Tetraacyldisaccharide 4'-kinase,1,1,1
ComE operon protein 3,1,1,1
Acetylpolyamine amidohydrolase 2,1,1,1
hypothetical protein_93,1,1,1
hypothetical protein_94,1,1,1
putative efflux pump outer membrane protein TtgC,1,1,1
Demethylmenaquinone methyltransferase,1,1,1
hypothetical protein_95,1,1,1
hypothetical protein_96,1,1,1
Esterase YbfF,1,1,1
Protein HemY,1,1,1
hypothetical protein_97,1,1,1
hypothetical protein_98,1,1,1
hypothetical protein_99,1,1,1
hypothetical protein_100,1,1,1
putative lipoprotein YiaD,1,1,1
hypothetical protein_101,1,1,1
Kynureninase,1,1,1
Isoaspartyl peptidase,1,1,1
"Tryptophan 2,3-dioxygenase",1,1,1
hypothetical protein_102,1,1,1
hypothetical protein_103,1,1,1
"Propane 2-monooxygenase, reductase component",1,1,1
hypothetical protein_104,1,1,1
hypothetical protein_105,1,1,1
hypothetical protein_106,1,1,1
Beta-hexosaminidase,1,1,1
hypothetical protein_107,1,1,1
Kynurenine formamidase,1,1,1
5-amino-6-(5-phospho-D-ribitylamino)uracil phosphatase YigB,1,1,1
hypothetical protein_108,1,1,1
hypothetical protein_109,1,1,1
Chaperone modulatory protein CbpM,1,1,1
hypothetical protein_110,1,1,1
hypothetical protein_111,1,1,1
hypothetical protein_112,1,1,1
hypothetical protein_113,1,1,1
hypothetical protein_114,1,1,1
Putative outer membrane protein,1,1,1
hypothetical protein_115,1,1,1
hypothetical protein_116,1,1,1
Cysteine protease StiP,1,1,1
hypothetical protein_117,1,1,1
hypothetical protein_118,1,1,1
Translocation and assembly module subunit TamB,1,1,1
Translocation and assembly module subunit TamA,1,1,1
hypothetical protein_119,1,1,1
hypothetical protein_120,1,1,1
hypothetical protein_121,1,1,1
6-phosphogluconolactonase,1,1,1
Glucokinase,1,1,1
"6-phosphogluconate dehydrogenase, NAD(+)-dependent, decarboxylating",1,1,1
hypothetical protein_122,1,1,1
hypothetical protein_123,1,1,1
hypothetical protein_124,1,1,1
hypothetical protein_125,1,1,1
Beta-barrel assembly-enhancing protease_126,1,1,1
Arginine N-succinyltransferase,1,1,1
Succinyl-diaminopimelate desuccinylase,1,1,1
hypothetical protein_127,1,1,1
hypothetical protein_128,1,1,1
NADH-quinone oxidoreductase chain 3,1,1,1
hypothetical protein_129,1,1,1
hypothetical protein_130,1,1,1
Type IV pilus biogenesis factor PilY1,1,1,1
hypothetical protein_131,1,1,1
Phosphoserine phosphatase 1,1,1,1
hypothetical protein_132,1,1,1
hypothetical protein_133,1,1,1
hypothetical protein_134,1,1,1
hypothetical protein_135,1,1,1
hypothetical protein_136,1,1,1
hypothetical protein_137,1,1,1
Acyl-homoserine-lactone synthase,1,1,1
hypothetical protein_138,1,1,1
hypothetical protein_139,1,1,1
hypothetical protein_140,1,1,1
hypothetical protein_141,1,1,1
hypothetical protein_142,1,1,1
Outer-membrane lipoprotein carrier protein,1,1,1
Vitamin B12-binding protein,1,1,1
hypothetical protein_143,1,1,1
hypothetical protein_144,1,1,1
hypothetical protein_145,1,1,1
hypothetical protein_146,1,1,1
Rhamnosyltransferase WbbL,1,1,1
hypothetical protein_147,1,1,1
hypothetical protein_148,1,1,1
Putative sporulation hydrolase CotR,1,1,1
hypothetical protein_149,1,1,1
hypothetical protein_150,1,1,1
Acetyltransferase,1,1,1
hypothetical protein_151,1,1,1
hypothetical protein_152,1,1,1
hypothetical protein_153,1,1,1
hypothetical protein_154,1,1,1
GTP pyrophosphokinase,1,1,1
DNA polymerase III subunit delta',1,1,1
hypothetical protein_155,1,1,1
putative ABC transporter ATP-binding protein YknY,1,1,1
Multidrug resistance protein MdtA,1,1,1
hypothetical protein_156,1,1,1
Tyrosine recombinase XerC,1,1,1
Protein adenylyltransferase SelO,1,1,1
"Glycerophosphodiester phosphodiesterase, cytoplasmic",1,1,1
"Propane 2-monooxygenase, reductase component_157",1,1,1
hypothetical protein_158,1,1,1
Trans-aconitate 2-methyltransferase,1,1,1
hypothetical protein_159,1,1,1
hypothetical protein_160,1,1,1
Isopentenyl-diphosphate Delta-isomerase,1,1,1
Aspartate-proton symporter,1,1,1
hypothetical protein_161,1,1,1
N-acetylmuramic acid 6-phosphate phosphatase,1,1,1
15-cis-phytoene synthase,1,1,1
hypothetical protein_162,1,1,1
DNA polymerase III subunit epsilon,1,1,1
Nitrate reductase-like protein NarX,1,1,1
hypothetical protein_163,1,1,1
FKBP-type peptidyl-prolyl cis-trans isomerase SlyD,1,1,1
hypothetical protein_164,1,1,1
hypothetical protein_165,1,1,1
Flavohemoprotein,1,1,1
hypothetical protein_166,1,1,1
hypothetical protein_167,1,1,1
putative M18 family aminopeptidase 2,1,1,1
Bifunctional ligase/repressor BirA,1,1,1
Type III pantothenate kinase,1,1,1
Membrane-bound lytic murein transglycosylase D,1,1,1
Methylated-DNA--protein-cysteine methyltransferase,1,1,1
hypothetical protein_168,1,1,1
Release factor glutamine methyltransferase,1,1,1
ATP-dependent Clp protease ATP-binding subunit ClpX,1,1,1
Beta-barrel assembly-enhancing protease_169,1,1,1
Outer-membrane lipoprotein LolB,1,1,1
hypothetical protein_170,1,1,1
hypothetical protein_171,1,1,1
Putative pre-16S rRNA nuclease,1,1,1
Gamma-glutamyl-hercynylcysteine sulfoxide hydrolase,1,1,1
Hercynine oxygenase,1,1,1
hypothetical protein_172,1,1,1
hypothetical protein_173,1,1,1
Molybdenum cofactor guanylyltransferase,1,1,1
hypothetical protein_174,1,1,1
hypothetical protein_175,1,1,1
hypothetical protein_176,1,1,1
hypothetical protein_177,1,1,1
Fatty acid oxidation complex subunit alpha,1,1,1
D-inositol-3-phosphate glycosyltransferase,1,1,1
Trans-aconitate 2-methyltransferase_178,1,1,1
D-inositol-3-phosphate glycosyltransferase_179,1,1,1
hypothetical protein_180,1,1,1
(S)-ureidoglycine--glyoxylate transaminase,1,1,1
lipid kinase YegS,1,1,1
hypothetical protein_181,1,1,1
hypothetical protein_182,1,1,1
hypothetical protein_183,1,1,1
hypothetical protein_184,1,1,1
hypothetical protein_185,1,1,1
hypothetical protein_186,1,1,1
Glutamate--tRNA ligase,1,1,1
Ribosome maturation factor RimM,1,1,1
hypothetical protein_187,1,1,1
Apolipoprotein N-acyltransferase,1,1,1
Lipopolysaccharide assembly protein A,1,1,1
Ribosomal RNA small subunit methyltransferase D,1,1,1
hypothetical protein_188,1,1,1
putative zinc protease,1,1,1
hypothetical protein_189,1,1,1
hypothetical protein_190,1,1,1
Cell division protein DamX,1,1,1
Cytochrome c4,1,1,1
Thiol:disulfide interchange protein DsbA,1,1,1
Peptidyl-prolyl cis-trans isomerase D,1,1,1
Trigger factor,1,1,1
hypothetical protein_191,1,1,1
hypothetical protein_192,1,1,1
hypothetical protein_193,1,1,1
Glutathionyl-hydroquinone reductase YqjG,1,1,0
Iron-sulfur cluster carrier protein,1,1,0
Pyruvate dehydrogenase E1 component subunit beta,1,1,0
Protein MbtH,1,1,0
hypothetical protein_194,1,1,0
hypothetical protein_195,1,1,0
putative ABC transporter ATP-binding protein,1,1,0
Glucose-1-phosphate adenylyltransferase,1,1,0
Bacterioferritin,1,1,0
Peroxiredoxin,1,1,0
hypothetical protein_196,1,1,0
hypothetical protein_197,1,1,0
hypothetical protein_198,1,1,0
REP-associated tyrosine transposase,1,1,0
hypothetical protein_199,1,1,0
D-inositol-3-phosphate glycosyltransferase_200,1,1,0
Catalase,1,1,0
Response regulator protein TodT,1,1,0
Acryloyl-CoA reductase (NADH),1,1,0
hypothetical protein_201,1,1,0
Chromate transport protein,1,1,0
hypothetical protein_202,1,1,0
Tyrosine recombinase XerD,1,1,0
hypothetical protein_203,1,1,0
Manganese efflux system protein MneP,1,1,0
hypothetical protein_204,1,0,1
Trehalase,1,1,0
hypothetical protein_205,1,1,0
hypothetical protein_206,1,1,0
IS5 family transposase IS1480b,0,1,1
hypothetical protein_207,1,1,0
Na(+)/H(+) antiporter NhaP,1,1,0
hypothetical protein_208,1,1,0
hypothetical protein_209,1,1,0
hypothetical protein_210,1,1,0
L-lactate dehydrogenase,1,1,0
hypothetical protein_211,1,0,1
hypothetical protein_212,1,1,0
3-oxoacyl-[acyl-carrier-protein] reductase FabG,1,1,0
Foldase protein PrsA,0,1,1
Foldase protein PrsA_213,1,1,0
hypothetical protein_214,1,1,0
hypothetical protein_215,1,1,0
hypothetical protein_216,1,1,0
D-inositol-3-phosphate glycosyltransferase_217,1,1,0
3-hydroxyadipyl-CoA dehydrogenase,0,1,1
Ktr system potassium uptake protein A,1,1,0
hypothetical protein_218,1,0,1
Respiratory nitrate reductase 1 alpha chain,1,1,0
hypothetical protein_219,1,1,0
hypothetical protein_220,1,1,0
hypothetical protein_221,1,1,0
RNA polymerase-associated protein RapA,1,1,0
hypothetical protein_222,1,1,0
hypothetical protein_223,1,1,0
hypothetical protein_224,1,1,0
Bicyclomycin resistance protein,1,1,0
Ferredoxin 1,1,0,1
hypothetical protein_225,0,1,1
hypothetical protein_226,0,1,1
hypothetical protein_227,1,1,0
hypothetical protein_228,1,1,0
hypothetical protein_229,1,1,0
hypothetical protein_230,1,1,0
Signal transduction histidine-protein kinase BarA,1,1,0
hypothetical protein_231,1,1,0
Cobalt-zinc-cadmium resistance protein CzcB,1,1,0
hypothetical protein_232,1,1,0
hypothetical protein_233,1,1,0
hypothetical protein_234,0,1,1
tRNA(fMet)-specific endonuclease VapC,1,1,0
hypothetical protein_235,1,1,0
RNA polymerase-associated protein RapA_236,1,1,0
hypothetical protein_237,1,1,0
hypothetical protein_238,1,1,0
hypothetical protein_239,1,1,0
hypothetical protein_240,1,1,0
hypothetical protein_241,1,1,0
hypothetical protein_242,1,1,0
"Fructose-1,6-bisphosphate aldolase/phosphatase",1,1,0
hypothetical protein_243,1,1,0
Sensor histidine kinase RcsC,1,0,1
Trehalase_244,1,0,1
hypothetical protein_245,1,1,0
Ribosomal RNA small subunit methyltransferase B,1,1,0
hypothetical protein_246,1,1,0
Transcriptional regulatory protein DegU,1,1,0
hypothetical protein_247,1,1,0
hypothetical protein_248,1,1,0
hypothetical protein_249,1,1,0
hypothetical protein_250,1,1,0
hypothetical protein_251,1,1,0
hypothetical protein_252,1,1,0
hypothetical protein_253,1,1,0
hypothetical protein_254,1,1,0
hypothetical protein_255,1,1,0
hypothetical protein_256,1,1,0
Protein MtfA,1,1,0
hypothetical protein_257,0,1,1
hypothetical protein_258,1,1,0
hypothetical protein_259,1,1,0
Regulatory protein RecX,1,1,0
hypothetical protein_260,1,1,0
hypothetical protein_261,1,1,0
hypothetical protein_262,1,1,0
"Ubiquinone biosynthesis O-methyltransferase, mitochondrial",1,1,0
hypothetical protein_263,1,1,0
hypothetical protein_264,1,1,0
putative multidrug ABC transporter ATP-binding protein YbhF,1,1,0
putative multidrug ABC transporter permease YbhS,1,1,0
putative multidrug ABC transporter permease YbhR,1,1,0
hypothetical protein_265,0,1,1
hypothetical protein_266,1,1,0
RNA polymerase-binding transcription factor DksA,1,1,0
hypothetical protein_267,1,1,0
Acyl carrier protein phosphodiesterase,1,1,0
hypothetical protein_268,1,1,0
hypothetical protein_269,1,1,0
putative sulfate transporter,1,1,0
Hydroxyacylglutathione hydrolase,1,1,0
hypothetical protein_270,1,1,0
Photosynthetic apparatus regulatory protein RegA,1,1,0
Sensor histidine kinase RegB,1,1,0
hypothetical protein_271,1,1,0
hypothetical protein_272,1,1,0
hypothetical protein_273,1,1,0
"GTP 3',8-cyclase",1,1,0
hypothetical protein_274,1,1,0
hypothetical protein_275,1,1,0
FK506-binding protein,1,1,0
Cytochrome c551 peroxidase,1,1,0
hypothetical protein_276,1,1,0
hypothetical protein_277,1,1,0
Cyclic di-GMP phosphodiesterase CdgJ,1,1,0
Molybdenum-pterin-binding protein MopA,1,1,0
hypothetical protein_278,1,1,0
Vitamin B12 import ATP-binding protein BtuD,1,1,0
hypothetical protein_279,1,1,0
hypothetical protein_280,1,1,0
hypothetical protein_281,1,1,0
hypothetical protein_282,1,1,0
hypothetical protein_283,1,1,0
Thioredoxin 1,1,1,0
hypothetical protein_284,1,1,0
hypothetical protein_285,1,1,0
hypothetical protein_286,1,1,0
hypothetical protein_287,1,1,0
hypothetical protein_288,1,1,0
hypothetical protein_289,1,1,0
Beta-barrel assembly-enhancing protease_290,1,1,0
hypothetical protein_291,1,1,0
hypothetical protein_292,1,1,0
RecBCD enzyme subunit RecB,1,1,0
hypothetical protein_293,1,1,0
Lipopolysaccharide export system permease protein LptG_294,1,1,0
DNA polymerase III subunit chi,1,1,0
hypothetical protein_295,1,1,0
hypothetical protein_296,1,1,0
hypothetical protein_297,0,1,1
Insertion sequence IS5376 putative ATP-binding protein,1,1,0
N-succinylglutamate 5-semialdehyde dehydrogenase,1,1,0
hypothetical protein_298,1,1,0
Cell division protein ZapD,1,1,0
Thiamine-phosphate synthase,1,1,0
Cell division protein FtsQ,1,1,0
Penicillin-binding protein activator LpoA,1,1,0
hypothetical protein_299,1,1,0
hypothetical protein_300,1,1,0
hypothetical protein_301,1,1,0
Thiol-disulfide oxidoreductase ResA,1,1,0
hypothetical protein_302,1,1,0
HTH-type transcriptional regulator CueR,1,1,0
hypothetical protein_303,1,1,0
Protein-glutamate methylesterase/protein-glutamine glutaminase,1,1,0
Signal transduction histidine-protein kinase BarA_304,1,1,0
hypothetical protein_305,1,1,0
hypothetical protein_306,1,1,0
Sodium-dependent dicarboxylate transporter SdcS,1,1,0
hypothetical protein_307,1,1,0
Ribokinase,1,1,0
Adaptive-response sensory-kinase SasA_308,1,1,0
hypothetical protein_309,1,1,0
Membrane-bound lytic murein transglycosylase F,1,1,0
Vitamin B12 transporter BtuB,1,1,0
hypothetical protein_310,1,1,0
Hydroxyacylglutathione hydrolase_311,1,1,0
Outer membrane protein TolC,1,1,0
3-deoxy-D-manno-octulosonic acid transferase,1,1,0
hypothetical protein_312,1,1,0
hypothetical protein_313,1,1,0
Phosphatidate cytidylyltransferase,1,1,0
Outer membrane protein assembly factor BamE,1,1,0
hypothetical protein_314,1,1,0
hypothetical protein_315,1,1,0
"3',5'-nucleoside bisphosphate phosphatase",1,1,0
Cytoskeleton protein RodZ,1,1,0
hypothetical protein_316,1,1,0
hypothetical protein_317,1,1,0
Lipid A biosynthesis lauroyltransferase,1,1,0
ATP synthase subunit a,1,1,0
Ribonuclease P protein component,0,1,1
NADH-quinone oxidoreductase subunit N,0,1,1
Molybdate-binding protein ModA,1,1,0
hypothetical protein_318,1,1,0
hypothetical protein_319,1,1,0
hypothetical protein_320,0,1,1
hypothetical protein_321,0,1,1
hypothetical protein_322,0,1,1
hypothetical protein_323,1,1,0
hypothetical protein_324,1,1,0
Antitoxin HigA-2,1,1,0
IS5 family transposase ISNGR9,1,1,0
hypothetical protein_325,1,1,0
Chorismate pyruvate-lyase,1,1,0
hypothetical protein_326,1,1,0
hypothetical protein_327,1,1,0
hypothetical protein_328,1,1,0
hypothetical protein_329,1,1,0
Ribonuclease BN,1,1,0
hypothetical protein_330,1,1,0
hypothetical protein_331,1,1,0
hypothetical protein_332,1,1,0
hypothetical protein_333,1,1,0
hypothetical protein_334,1,1,0
hypothetical protein_335,1,1,0
Lipopolysaccharide biosynthesis protein WzxC,1,1,0
hypothetical protein_336,1,1,0
"dTDP-4-amino-4,6-dideoxy-D-glucose transaminase",1,1,0
hypothetical protein_337,1,1,0
hypothetical protein_338,1,1,0
Na(+)/H(+) antiporter NhaA,1,1,0
Transaldolase,1,1,0
Glucose-6-phosphate 1-dehydrogenase 1,1,1,0
Mercuric resistance operon regulatory protein,1,1,0
Adaptive-response sensory-kinase SasA_339,1,1,0
hypothetical protein_340,1,1,0
hypothetical protein_341,1,1,0
hypothetical protein_342,1,1,0
hypothetical protein_343,1,1,0
Aldose sugar dehydrogenase YliI,1,1,0
Aminotransferase PigE,1,1,0
hypothetical protein_344,1,1,0
hypothetical protein_345,1,1,0
hypothetical protein_346,1,1,0
hypothetical protein_347,1,1,0
hypothetical protein_348,1,1,0
hypothetical protein_349,1,1,0
Cell division protein FtsN,1,1,0
hypothetical protein_350,1,1,0
hypothetical protein_351,1,1,0
D-inositol-3-phosphate glycosyltransferase_352,1,1,0
D-inositol-3-phosphate glycosyltransferase_353,1,1,0
hypothetical protein_354,1,1,0
hypothetical protein_355,1,1,0
hypothetical protein_356,1,1,0
"2-phytyl-1,4-beta-naphthoquinone methyltransferase, chloroplastic",1,1,0
Asparagine synthetase [glutamine-hydrolyzing] 1,1,1,0
hypothetical protein_357,1,1,0
hypothetical protein_358,1,1,0
Polyphosphate kinase,1,1,0
hypothetical protein_359,1,1,0
hypothetical protein_360,1,1,0
Peptide transporter CstA,1,1,0
Serine/threonine phosphatase stp,0,1,1
hypothetical protein_361,1,1,0
hypothetical protein_362,0,1,1
hypothetical protein_363,0,1,1
Dihydroneopterin aldolase,1,1,0
hypothetical protein_364,1,1,0
Protein YffB,1,1,0
hypothetical protein_365,1,1,0
Ubiquinone biosynthesis accessory factor UbiJ,1,1,0
tRNA-modifying protein YgfZ,1,1,0
FAD assembly factor SdhE,1,1,0
hypothetical protein_366,1,1,0
DNA repair protein RecO,1,1,0
Holo-[acyl-carrier-protein] synthase,1,1,0
hypothetical protein_367,1,1,0
"Phosphoribulokinase, plasmid",1,1,0
hypothetical protein_368,1,1,0
Cobalt-zinc-cadmium resistance protein CzcC,1,1,0
Protease HtpX ,0,1,1
hypothetical protein_369,1,1,0
Intermembrane transport lipoprotein PqiC,1,1,0
Intermembrane transport protein PqiB,1,1,0
hypothetical protein_370,1,1,0
Exopolysaccharide glucosyl ketal-pyruvate-transferase,1,1,0
hypothetical protein_371,1,1,0
hypothetical protein_372,1,1,0
hypothetical protein_373,1,1,0
hypothetical protein_374,1,1,0
hypothetical protein_375,1,1,0
hypothetical protein_376,1,1,0
Protein translocase subunit SecE,1,1,0
hypothetical protein_377,1,1,0
hypothetical protein_378,1,1,0
Stress response protein SCP2,1,1,0
Guanine deaminase,1,1,0
Adenosyl-chloride synthase,1,1,0
hypothetical protein_379,1,1,0
hypothetical protein_380,1,1,0
hypothetical protein_381,1,1,0
hypothetical protein_382,1,1,0
putative MFS-type transporter YcaD,1,1,0
hypothetical protein_383,1,1,0
hypothetical protein_384,1,1,0
hypothetical protein_385,1,1,0
Trans-aconitate 2-methyltransferase_386,1,1,0
ATP-dependent dethiobiotin synthetase BioD,1,1,0
Cardiolipin synthase,1,1,0
Phenylacetaldehyde dehydrogenase,1,1,0
hypothetical protein_387,1,1,0
7-methyl-GTP pyrophosphatase,1,1,0
Ribosomal large subunit pseudouridine synthase C,1,1,0
hypothetical protein_388,1,1,0
hypothetical protein_389,1,1,0
hypothetical protein_390,0,1,1
hypothetical protein_391,1,1,0
hypothetical protein_392,1,1,0
putative HTH-type transcriptional regulator YbaQ,0,1,1
hypothetical protein_393,1,1,0
8-amino-7-oxononanoate synthase 2,1,1,0
Aminodeoxychorismate lyase,1,1,0
Isochorismate synthase MenF,1,1,0
hypothetical protein_394,1,1,0
hypothetical protein_395,1,1,0
putative amino acid permease YhdG,1,1,0
Putative transport protein YhhT,1,1,0
hypothetical protein_396,1,1,0
hypothetical protein_397,1,1,0
hypothetical protein_398,1,1,0
hypothetical protein_399,1,1,0
DNA-3-methyladenine glycosylase 2,1,1,0
hypothetical protein_400,1,1,0
Thiamine-monophosphate kinase,1,1,0
hypothetical protein_401,1,1,0
hypothetical protein_402,1,1,0
hypothetical protein_403,1,1,0
hypothetical protein_404,1,1,0
hypothetical protein_405,1,1,0
Anaerobic nitric oxide reductase transcription regulator NorR,1,1,0
Vitamin B12 import ATP-binding protein BtuD_406,1,1,0
Foldase protein PrsA_407,1,1,0
"Hemolysin secretion protein D, chromosomal",1,1,0
hypothetical protein_408,1,1,0
hypothetical protein_409,1,1,0
hypothetical protein_410,1,1,0
hypothetical protein_411,1,1,0
hypothetical protein_412,1,1,0
hypothetical protein_413,1,1,0
hypothetical protein_414,1,1,0
hypothetical protein_415,1,1,0
Virginiamycin B lyase,1,1,0
hypothetical protein_416,1,1,0
hypothetical protein_417,1,1,0
hypothetical protein_418,1,1,0
"Toluene 1,2-dioxygenase system ferredoxin subunit",1,1,0
hypothetical protein_419,1,1,0
hypothetical protein_420,1,1,0
hypothetical protein_421,1,1,0
hypothetical protein_422,1,1,0
Tol-Pal system protein TolQ,1,1,0
Tol-Pal system protein TolR,1,1,0
Cation efflux system protein CusA,1,1,0
hypothetical protein_423,1,1,0
2-alkyl-3-oxoalkanoate reductase,1,1,0
Anaerobic magnesium-protoporphyrin IX monomethyl ester cyclase,1,1,0
Carbohydrate deacetylase,0,1,1
hypothetical protein_424,1,1,0
hypothetical protein_425,1,1,0
Serine/threonine-protein kinase PknD,1,1,0
hypothetical protein_426,1,1,0
hypothetical protein_427,1,1,0
hypothetical protein_428,1,1,0
hypothetical protein_429,1,1,0
hypothetical protein_430,1,1,0
hypothetical protein_431,1,1,0
hypothetical protein_432,1,1,0
Protein CbbX,0,1,1
"Ribulose bisphosphate carboxylase small chain, chromosomal",0,1,1
Ribulose bisphosphate carboxylase large chain,0,1,1
putative N-acetyltransferase YafP,1,1,0
hypothetical protein_433,1,1,0
hypothetical protein_434,1,1,0
Putative oxidoreductase SadH,1,1,0
hypothetical protein_435,1,1,0
Histidine ammonia-lyase,1,1,0
putative protein,1,1,0
putative nitrate/nitrite transporter NarK2,1,1,0
hypothetical protein_436,1,1,0
Glycine betaine transporter,1,1,0
Spore protein SP21,1,1,0
Kynurenine formamidase_437,1,1,0
hypothetical protein_438,0,1,1
hypothetical protein_439,1,1,0
putative protein_440,1,1,0
"4,5-DOPA dioxygenase extradiol",1,1,0
hypothetical protein_441,1,1,0
Actin cross-linking toxin VgrG1,1,1,0
hypothetical protein_442,1,1,0
hypothetical protein_443,1,1,0
hypothetical protein_444,1,1,0
hypothetical protein_445,1,1,0
hypothetical protein_446,1,1,0
hypothetical protein_447,1,1,0
hypothetical protein_448,1,1,0
hypothetical protein_449,1,1,0
putative protein_450,1,1,0
Glutamate--cysteine ligase EgtA,1,1,0
hypothetical protein_451,1,1,0
hypothetical protein_452,1,1,0
Proton/glutamate-aspartate symporter,1,1,0
hypothetical protein_453,0,1,1
hypothetical protein_454,1,1,0
Protease HtpX _455,1,1,0
Pyruvate dehydrogenase E1 component subunit alpha,1,1,0
hypothetical protein_456,1,1,0
Virginiamycin B lyase_457,1,1,0
hypothetical protein_458,0,1,1
Antitoxin HigA-2_459,0,1,1
hypothetical protein_460,0,1,1
hypothetical protein_461,1,1,0
C4-dicarboxylic acid transporter DauA,1,1,0
hypothetical protein_462,1,1,0
hypothetical protein_463,1,1,0
Peptide methionine sulfoxide reductase MsrA,1,1,0
hypothetical protein_464,1,1,0
hypothetical protein_465,1,1,0
Sensor histidine kinase RcsC_466,1,1,0
hypothetical protein_467,1,1,0
hypothetical protein_468,1,1,0
hypothetical protein_469,1,1,0
hypothetical protein_470,1,1,0
Tyrocidine synthase 3,1,1,0
D-alanine--D-alanyl carrier protein ligase,1,1,0
Aculeacin-A acylase,1,1,0
hypothetical protein_471,1,1,0
hypothetical protein_472,1,1,0
DNA polymerase IV,1,1,0
hypothetical protein_473,1,1,0
hypothetical protein_474,1,1,0
hypothetical protein_475,1,1,0
hypothetical protein_476,1,1,0
hypothetical protein_477,1,1,0
RCS-specific HTH-type transcriptional activator RclR,1,1,0
hypothetical protein_478,1,1,0
hypothetical protein_479,0,1,1
hypothetical protein_480,1,1,0
hypothetical protein_481,1,1,0
hypothetical protein_482,1,1,0
hypothetical protein_483,1,1,0
hypothetical protein_484,1,1,0
putative type I restriction enzymeP M protein,1,1,0
hypothetical protein_485,1,1,0
Na(+)/H(+) antiporter subunit E1,1,1,0
tRNA threonylcarbamoyladenosine biosynthesis protein TsaB,1,1,0
hypothetical protein_486,1,1,0
hypothetical protein_487,1,1,0
Cyclic di-GMP phosphodiesterase CdgJ_488,1,1,0
hypothetical protein_489,1,1,0
Heme oxygenase HutZ,1,1,0
hypothetical protein_490,1,1,0
putative protein_491,0,1,1
hypothetical protein_492,1,1,0
Phosphoglycolate phosphatase,1,1,0
Thiopurine S-methyltransferase,1,1,0
hypothetical protein_493,1,1,0
hypothetical protein_494,1,1,0
hypothetical protein_495,1,1,0
hypothetical protein_496,1,1,0
hypothetical protein_497,1,1,0
hypothetical protein_498,1,1,0
hypothetical protein_499,1,1,0
hypothetical protein_500,1,1,0
Arsenite methyltransferase,1,1,0
Adaptive-response sensory-kinase SasA_501,1,1,0
Dipeptide transport system permease protein DppB,1,1,0
hypothetical protein_502,1,1,0
putative ABC transporter ATP-binding protein_503,1,1,0
hypothetical protein_504,1,1,0
putative protein_505,1,1,0
Adaptive-response sensory-kinase SasA_506,1,1,0
Response regulator rcp1,1,1,0
hypothetical protein_507,1,1,0
hypothetical protein_508,1,1,0
hypothetical protein_509,1,1,0
hypothetical protein_510,1,1,0
Acetolactate synthase,1,1,0
hypothetical protein_511,1,1,0
Zinc-type alcohol dehydrogenase-like protein,1,1,0
RecBCD enzyme subunit RecB_512,1,1,0
DNA helicase IV,0,1,1
Cytochrome c-type biogenesis protein CcmH,1,1,0
hypothetical protein_513,1,1,0
Vitamin B12 transporter BtuB_514,1,1,0
hypothetical protein_515,1,1,0
"NAD(P)H-quinone oxidoreductase subunit 3, chloroplastic",0,1,1
NADH-quinone oxidoreductase subunit B,0,1,1
Carbamoyltransferase HypF,1,1,0
Hydrogenase maturation factor HybG,1,1,0
Hydrogenase maturation factor HypD,1,1,0
Carbamoyl dehydratase HypE,1,1,0
Hydrogenase maturation factor HybF,1,1,0
Hydrogenase maturation factor HypB,1,1,0
Pyridoxine/pyridoxamine 5'-phosphate oxidase,1,1,0
hypothetical protein_516,1,1,0
hypothetical protein_517,1,1,0
Undecaprenyl-diphosphatase,1,1,0
hypothetical protein_518,1,1,0
Large ribosomal RNA subunit accumulation protein YceD,1,1,0
Cytochrome c oxidase subunit 3,1,1,0
hypothetical protein_519,1,1,0
hypothetical protein_520,1,1,0
hypothetical protein_521,1,1,0
hypothetical protein_522,1,1,0
Chromosome partition protein Smc_523,1,1,0
Flavohemoprotein_524,1,1,0
Fe(3+)-pyochelin receptor,1,1,0
ABC transporter ATP-binding/permease protein YojI,1,1,0
Putrescine aminotransferase,1,1,0
hypothetical protein_525,1,1,0
Putative acyl-CoA dehydrogenase YdbM,1,1,0
hypothetical protein_526,1,1,0
hypothetical protein_527,1,1,0
putative protein_528,1,1,0
hypothetical protein_529,1,1,0
putative FAD-linked oxidoreductase,1,1,0
Outer membrane protein assembly factor BamD,1,1,0
hypothetical protein_530,1,1,0
hypothetical protein_531,1,1,0
hypothetical protein_532,1,1,0
hypothetical protein_533,1,1,0
hypothetical protein_534,1,1,0
hypothetical protein_535,1,1,0
hypothetical protein_536,1,1,0
hypothetical protein_537,1,1,0
hypothetical protein_538,1,1,0
hypothetical protein_539,1,1,0
hypothetical protein_540,1,1,0
hypothetical protein_541,1,1,0
Putative asparagine synthetase [glutamine-hydrolyzing],1,1,0
hypothetical protein_542,1,1,0
hypothetical protein_543,1,1,0
hypothetical protein_544,1,1,0
Ribonuclease VapC11,1,1,0
hypothetical protein_545,1,1,0
hypothetical protein_546,0,1,1
hypothetical protein_547,1,1,0
hypothetical protein_548,1,1,0
hypothetical protein_549,1,1,0
hypothetical protein_550,1,1,0
hypothetical protein_551,0,1,1
hypothetical protein_552,1,1,0
hypothetical protein_553,0,1,1
hypothetical protein_554,1,1,0
hypothetical protein_555,1,1,0
hypothetical protein_556,1,1,0
DnaA regulatory inactivator Hda,1,1,0
hypothetical protein_557,1,1,0
hypothetical protein_558,1,1,0
Tol-Pal system protein TolB,1,1,0
hypothetical protein_559,1,1,0
hypothetical protein_560,1,1,0
hypothetical protein_561,1,1,0
hypothetical protein_562,1,1,0
hypothetical protein_563,1,1,0
Protein YdeP,1,1,0
Thiosulfate sulfurtransferase GlpE,1,1,0
putative peptidyl-prolyl cis-trans isomerase,1,1,0
"2-succinyl-6-hydroxy-2,4-cyclohexadiene-1-carboxylate synthase_564",1,1,0
hypothetical protein_565,1,1,0
hypothetical protein_566,1,1,0
hypothetical protein_567,1,1,0
hypothetical protein_568,1,1,0
hypothetical protein_569,1,1,0
Histidine N-alpha-methyltransferase,1,1,0
Na(+)/H(+) antiporter NhaB,1,1,0
hypothetical protein_570,1,1,0
Imidazolonepropionase,1,1,0
Urocanate hydratase,1,1,0
8-oxoguanine deaminase,1,1,0
hypothetical protein_571,1,1,0
hypothetical protein_572,1,1,0
hypothetical protein_573,1,1,0
CTP:phosphoglutamine cytidylyltransferase,1,1,0
2-methylisocitrate lyase,1,1,0
hypothetical protein_574,1,1,0
2-aminoethylphosphonate--pyruvate transaminase,1,1,0
Hopanoid C-3 methylase,1,1,0
hypothetical protein_575,1,1,0
Methanethiol oxidase,1,1,0
Dihydrolipoyllysine-residue acetyltransferase component of pyruvate dehydrogenase complex,1,1,0
hypothetical protein_576,1,1,0
hypothetical protein_577,1,1,0
Cobalt/magnesium transport protein CorA,1,1,0
Glycine betaine/carnitine/choline transport ATP-binding protein OpuCA,1,1,0
hypothetical protein_578,1,1,0
hypothetical protein_579,1,1,0
Fatty acid resistance protein FarB,1,1,0
Outer membrane protein OprM,1,1,0
Multidrug export protein EmrA,1,1,0
hypothetical protein_580,1,1,0
hypothetical protein_581,1,1,0
hypothetical protein_582,1,1,0
hypothetical protein_583,1,1,0
Glycogen synthase,1,1,0
Maltodextrin phosphorylase,1,1,0
hypothetical protein_584,1,1,0
hypothetical protein_585,1,1,0
hypothetical protein_586,0,1,1
hypothetical protein_587,1,1,0
hypothetical protein_588,1,1,0
lipid II flippase MurJ,1,1,0
Thiol-disulfide oxidoreductase ResA_589,1,1,0
Trehalose-6-phosphate synthase,1,1,0
Trehalose-phosphate phosphatase,1,1,0
hypothetical protein_590,1,1,0
Superoxide dismutase [Cu-Zn] 1,1,1,0
hypothetical protein_591,1,1,0
hypothetical protein_592,1,1,0
hypothetical protein_593,1,1,0
hypothetical protein_594,1,1,0
Aspartate/glutamate leucyltransferase,1,1,0
hypothetical protein_595,0,1,1
hypothetical protein_596,1,1,0
hypothetical protein_597,1,1,0
hypothetical protein_598,1,1,0
Ferrous-iron efflux pump FieF,1,1,0
hypothetical protein_599,1,1,0
hypothetical protein_600,1,1,0
hypothetical protein_601,1,1,0
hypothetical protein_602,1,1,0
hypothetical protein_603,1,1,0
putative TonB-dependent receptor,1,1,0
hypothetical protein_604,1,1,0
hypothetical protein_605,1,1,0
hypothetical protein_606,1,1,0
Primosomal replication protein N,1,1,0
"2-methoxy-6-polyprenyl-1,4-benzoquinol methylase, mitochondrial",1,1,0
Tol-Pal system protein TolR_607,1,1,0
hypothetical protein_608,1,1,0
hypothetical protein_609,1,1,0
hypothetical protein_610,1,1,0
hypothetical protein_611,1,1,0
hypothetical protein_612,1,1,0
hypothetical protein_613,1,1,0
hypothetical protein_614,1,1,0
hypothetical protein_615,1,1,0
hypothetical protein_616,1,1,0
hypothetical protein_617,1,1,0
hypothetical protein_618,1,0,1
hypothetical protein_619,1,0,1
ATP-dependent DNA helicase RecQ,1,1,0
Beta-barrel assembly-enhancing protease_620,1,0,1
Arylamine N-acetyltransferase,1,0,1
Intermembrane phospholipid transport system binding protein MlaC_621,1,0,1
hypothetical protein_622,1,0,1
hypothetical protein_623,1,0,1
hypothetical protein_624,1,0,1
hypothetical protein_625,1,0,1
hypothetical protein_626,1,0,1
hypothetical protein_627,1,0,1
Peptidoglycan hydrolase FlgJ,1,0,1
hypothetical protein_628,1,0,1
hypothetical protein_629,1,0,1
hypothetical protein_630,1,0,1
hypothetical protein_631,1,0,1
Cytochrome c biogenesis ATP-binding export protein CcmA,1,0,1
hypothetical protein_632,1,0,1
Transcriptional regulatory protein PrrA,1,0,1
putative Ni/Fe-hydrogenase B-type cytochrome subunit,1,0,1
hypothetical protein_633,1,0,1
hypothetical protein_634,1,0,1
hypothetical protein_635,1,0,1
hypothetical protein_636,1,0,1
Ribonuclease VapC15,1,0,1
Ribosomal protein L11 methyltransferase,1,0,1
hypothetical protein_637,1,0,1
Antitoxin HigA,1,0,1
hypothetical protein_638,1,0,1
hypothetical protein_639,1,0,1
hypothetical protein_640,1,0,1
hypothetical protein_641,1,0,1
"NAD(P)H-quinone oxidoreductase subunit 2, chloroplastic",1,0,1
hypothetical protein_642,1,0,1
hypothetical protein_643,1,0,1
hypothetical protein_644,1,0,1
hypothetical protein_645,1,0,1
Antitoxin VapB33,1,0,1
Ribonuclease VapC33,1,0,1
hypothetical protein_646,1,0,1
"N-acetyl-alpha-D-glucosaminyl-diphospho-ditrans,octacis-undecaprenol 4-epimerase",1,0,1
